account name,Account numbers in order,
Richard,5.385686,3665,6942,4053,7726,4601,7302,8347,6497,1145,3831,8707,
Tim,11754.41657,7859,7002,1502,8754,449,472,4302,4609,4067,5885,7280,
Charles,800.1759341,2161,4958,3738,5105,1472,2487,1130,7943,5559,2337,8802,
Ricco,1055.19226,7473,3713,4302,3174,6415,9094,6630,2038,3574,5708,
Ali,1747.798453,2685,5343,3207,2137,1934,1101,6756,7297,7897,1019,
Ahmad,2551.157404,3200,4655,2673,4270,821,330,9607,4733,7749,4781,
Jamla,480.7713868,1172,847,3683,9486,2258,6323,9597,5764,1581,6925,
Singh,19018.97818,3678,5628,1171,7270,8333,2534,9606,2625,1089,
Li Chen,505.5652756,7222,4105,6529,169,307,3142,8246,7894,3338,
Asad Khan,3759.276869,9649,1445,5944,8892,371,8307,7159,4077,1150,
James,4753,6737,906,5057,4401,8698,533,5133
Chris,2790,5239,6392,8637,8785,1331,6848,5808,
Sarah,3328,639,3519,7829,6796,3935,2893,2767,7284,
Christy,6331,2986,6076,1085,7715,8241,5688,3220,3483,
Tania,1970,9541,3104,9750,7714,6944,7316,954,3091,
Swift,7823,7548,2001,9889,1376,6890,2640,3489,423,
Halan,7358,936,3799,7272,8908,9706,
Jennifer,6477,3054,307,2711,4896,1896,7950,2581,1585,
Jenny,6832,8683,2235,478,139,7495,7086,421,608,8747,
Choo ,7449,8647,1751,8171,7693,7395,2055,8591,2286,3666,721,7212,8915

